Time [s],Channel 1,Channel 2,Channel 4
6.071749029,1,1,0
6.072534000,1,1,1
6.072534250,1,1,0
6.072534750,1,1,1
6.072535000,1,1,0
6.072535500,1,1,1
6.072535750,1,1,0
6.072536125,1,1,1
6.072536375,1,1,0
6.072537125,1,1,1
6.072537375,1,1,0
6.072537750,1,1,1
6.072538000,1,1,0
6.072538500,1,1,1
6.072538750,1,1,0
6.072539250,0,1,1
6.072539500,0,1,0
6.072540750,0,1,1
6.072541000,0,1,0
6.072541375,0,1,1
6.072541625,1,1,0
6.072542125,1,1,1
6.072542375,0,1,0
6.072542750,0,1,1
6.072543000,0,1,0
6.072543750,0,1,1
6.072544000,0,1,0
6.072544500,0,1,1
6.072544750,0,1,0
6.072545250,0,1,1
6.072545500,0,1,0
6.072545875,0,1,1
6.072546125,0,1,0
6.072547375,0,1,1
6.072547625,1,1,0
6.072548000,1,1,1
6.072548250,0,1,0
6.072548750,0,1,1
6.072549000,0,1,0
6.072549500,0,1,1
6.072549750,0,1,0
6.072550500,0,1,1
6.072550750,0,1,0
6.072551125,0,1,1
6.072551375,0,1,0
6.072551875,0,1,1
6.072552125,0,1,0
6.072552500,0,1,1
6.072552750,0,1,0
6.072554000,0,1,1
6.072554250,0,1,0
6.072554750,0,1,1
6.072555000,0,1,0
6.072555500,0,1,1
6.072555750,1,1,0
6.072556125,1,1,1
6.072556375,0,1,0
6.072557125,0,1,1
6.072557375,1,1,0
6.072557750,1,1,1
6.072558000,1,1,0
6.072558500,1,1,1
6.072558750,0,1,0
6.072559250,0,1,1
6.072559500,0,1,0
6.072936000,1,1,0
6.073528125,1,1,1
6.073528375,1,1,0
6.073528875,1,1,1
6.073529125,1,1,0
6.073529625,1,1,1
6.073529875,1,1,0
6.073530250,1,1,1
6.073530500,1,1,0
6.073531250,1,1,1
6.073531500,1,1,0
6.073531875,1,1,1
6.073532125,1,1,0
6.073532625,1,1,1
6.073532875,1,1,0
6.073533375,1,1,1
6.073533625,1,1,0
6.073534875,1,1,1
6.073535125,1,1,0
6.073535500,1,1,1
6.073535750,1,1,0
6.073536250,1,1,1
6.073536500,1,1,0
6.073536875,1,1,1
6.073537125,1,1,0
6.073537875,1,1,1
6.073538125,1,1,0
6.073538625,1,1,1
6.073538875,1,1,0
6.073539375,1,1,1
6.073539625,1,1,0
6.073540000,1,1,1
6.073540250,1,1,0
6.073541500,1,1,1
6.073541750,1,1,0
6.073542125,1,1,1
6.073542375,1,1,0
6.073542875,1,1,1
6.073543125,1,1,0
6.073543625,1,1,1
6.073543875,1,1,0
6.073544625,1,1,1
6.073544875,1,1,0
6.073545250,1,1,1
6.073545500,1,1,0
6.073546000,1,1,1
6.073546250,1,1,0
6.073546625,1,1,1
6.073546875,1,1,0
6.073548125,1,1,1
6.073548375,1,1,0
6.073548875,1,1,1
6.073549125,1,1,0
6.073549625,1,1,1
6.073549875,1,1,0
6.073550250,1,1,1
6.073550500,1,1,0
6.073551250,1,1,1
6.073551500,1,1,0
6.073551875,1,1,1
6.073552125,1,1,0
6.073552625,1,1,1
6.073552875,1,1,0
6.073553375,0,1,1
6.073553625,0,1,0
6.073554875,0,1,1
6.073555125,0,1,0
6.073555500,0,1,1
6.073555750,0,1,0
6.073556250,0,1,1
6.073556500,0,1,0
6.073556875,0,1,1
6.073557125,0,1,0
6.073557875,0,1,1
6.073558125,0,1,0
6.073558625,0,1,1
6.073558875,0,1,0
6.073559375,0,1,1
6.073559625,0,1,0
6.073560000,0,1,1
6.073560250,0,1,0
6.073561500,0,1,1
6.073561750,0,1,0
6.073562125,0,1,1
6.073562375,0,1,0
6.073562875,0,1,1
6.073563125,0,1,0
6.073563625,0,1,1
6.073563875,0,1,0
6.073564625,0,1,1
6.073564875,0,1,0
6.073565250,0,1,1
6.073565500,0,1,0
6.073566000,0,1,1
6.073566250,1,1,0
6.073566625,1,1,1
6.073566875,0,1,0
6.073568125,0,1,1
6.073568375,0,1,0
6.073568875,0,1,1
6.073569125,0,1,0
6.073569625,0,1,1
6.073569875,0,1,0
6.073570250,0,1,1
6.073570500,0,1,0
6.073571250,0,1,1
6.073571500,0,1,0
6.073571875,0,1,1
6.073572125,1,1,0
6.073572625,1,1,1
6.073572875,0,1,0
6.073573375,0,1,1
6.073573625,0,1,0
6.073574875,0,1,1
6.073575125,0,1,0
6.073575500,0,1,1
6.073575750,0,1,0
6.073576250,0,1,1
6.073576500,0,1,0
6.073576875,0,1,1
6.073577125,0,1,0
6.073577875,0,1,1
6.073578125,0,1,0
6.073578625,0,1,1
6.073578875,1,1,0
6.073579375,1,1,1
6.073579625,1,1,0
6.073580000,1,1,1
6.073580250,0,1,0
6.073581500,0,1,1
6.073581750,0,1,0
6.073582125,0,1,1
6.073582375,0,1,0
6.073582875,0,1,1
6.073583125,0,1,0
6.073583625,0,1,1
6.073583875,0,1,0
6.073584625,0,1,1
6.073584875,1,1,0
6.073585250,1,1,1
6.073585500,0,1,0
6.073586000,0,1,1
6.073586250,0,1,0
6.073586625,0,1,1
6.073586875,0,1,0
6.073588125,0,1,1
6.073588375,0,1,0
6.073588875,0,1,1
6.073589125,0,1,0
6.073589625,0,1,1
6.073589875,0,1,0
6.073590250,0,1,1
6.073590500,0,1,0
6.073591250,0,1,1
6.073591500,1,1,0
6.073591875,1,1,1
6.073592125,0,1,0
6.073592625,0,1,1
6.073592875,1,1,0
6.073593375,1,1,1
6.073593625,0,1,0
6.073594875,0,1,1
6.073595125,0,1,0
6.073595500,0,1,1
6.073595750,0,1,0
6.073596250,0,1,1
6.073596500,0,1,0
6.073596875,0,1,1
6.073597125,0,1,0
6.073597875,0,1,1
6.073598125,1,1,0
6.073598625,1,1,1
6.073598875,1,1,0
6.073599375,1,1,1
6.073599625,0,1,0
6.073600000,0,1,1
6.073600250,0,1,0
6.073601500,0,1,1
6.073601750,0,1,0
6.073602125,0,1,1
6.073602375,0,1,0
6.073602875,0,1,1
6.073603125,0,1,0
6.073603625,0,1,1
6.073603875,0,1,0
6.073604625,0,1,1
6.073604875,1,1,0
6.073605250,1,1,1
6.073605500,1,1,0
6.073606000,1,1,1
6.073606250,1,1,0
6.073606625,1,1,1
6.073606875,0,1,0
6.073608125,0,1,1
6.073608375,0,1,0
6.073608875,0,1,1
6.073609125,0,1,0
6.073609625,0,1,1
6.073609875,0,1,0
6.073610250,0,1,1
6.073610500,1,1,0
6.073611250,1,1,1
6.073611500,0,1,0
6.073611875,0,1,1
6.073612125,0,1,0
6.073612625,0,1,1
6.073612875,0,1,0
6.073613375,0,1,1
6.073613625,0,1,0
6.073614875,0,1,1
6.073615125,0,1,0
6.073615500,0,1,1
6.073615750,0,1,0
6.073616250,0,1,1
6.073616500,0,1,0
6.073616875,0,1,1
6.073617125,1,1,0
6.073617875,1,1,1
6.073618125,0,1,0
6.073618625,0,1,1
6.073618875,0,1,0
6.073619375,0,1,1
6.073619625,1,1,0
6.073620000,1,1,1
6.073620250,0,1,0
6.073621500,0,1,1
6.073621750,0,1,0
6.073622125,0,1,1
6.073622375,0,1,0
6.073622875,0,1,1
6.073623125,0,1,0
6.073623625,0,1,1
6.073623875,1,1,0
6.073624625,1,1,1
6.073624875,0,1,0
6.073625250,0,1,1
6.073625500,1,1,0
6.073626000,1,1,1
6.073626250,0,1,0
6.073626625,0,1,1
6.073626875,0,1,0
6.073628125,0,1,1
6.073628375,0,1,0
6.073628875,0,1,1
6.073629125,0,1,0
6.073629625,0,1,1
6.073629875,0,1,0
6.073630250,0,1,1
6.073630500,1,1,0
6.073631250,1,1,1
6.073631500,0,1,0
6.073631875,0,1,1
6.073632125,1,1,0
6.073632625,1,1,1
6.073632875,1,1,0
6.073633375,1,1,1
6.073633625,0,1,0
6.073634875,0,1,1
6.073635125,0,1,0
6.073635500,0,1,1
6.073635750,0,1,0
6.073636250,0,1,1
6.073636500,0,1,0
6.073636875,0,1,1
6.073637125,1,1,0
6.073637875,1,1,1
6.073638125,1,1,0
6.073638625,1,1,1
6.073638875,0,1,0
6.073639375,0,1,1
6.073639625,0,1,0
6.073640000,0,1,1
6.073640250,0,1,0
6.073641500,0,1,1
6.073641750,0,1,0
6.073642125,0,1,1
6.073642375,0,1,0
6.073642875,0,1,1
6.073643125,0,1,0
6.073643625,0,1,1
6.073643875,1,1,0
6.073644625,1,1,1
6.073644875,1,1,0
6.073645250,1,1,1
6.073645500,0,1,0
6.073646000,0,1,1
6.073646250,1,1,0
6.073646625,1,1,1
6.073646875,0,1,0
6.073648125,0,1,1
6.073648375,0,1,0
6.073648875,0,1,1
6.073649125,0,1,0
6.073649625,0,1,1
6.073649875,0,1,0
6.073650250,0,1,1
6.073650500,1,1,0
6.073651250,1,1,1
6.073651500,1,1,0
6.073651875,1,1,1
6.073652125,1,1,0
6.073652625,1,1,1
6.073652875,0,1,0
6.073653375,0,1,1
6.073653625,0,1,0
6.073654875,0,1,1
6.073655125,0,1,0
6.073655500,0,1,1
6.073655750,0,1,0
6.073656250,0,1,1
6.073656500,0,1,0
6.073656875,0,1,1
6.073657125,1,1,0
6.073657875,1,1,1
6.073658125,1,1,0
6.073658625,1,1,1
6.073658875,1,1,0
6.073659375,1,1,1
6.073659625,1,1,0
6.073660000,1,1,1
6.073660250,0,1,0
6.073661500,0,1,1
6.073661750,0,1,0
6.073662125,0,1,1
6.073662375,0,1,0
6.073662875,0,1,1
6.073663125,1,1,0
6.073663625,1,1,1
6.073663875,0,1,0
6.073664625,0,1,1
6.073664875,0,1,0
6.073665250,0,1,1
6.073665500,0,1,0
6.073666000,0,1,1
6.073666250,0,1,0
6.073666625,0,1,1
6.073666875,0,1,0
6.073668125,0,1,1
6.073668375,0,1,0
6.073668875,0,1,1
6.073669125,0,1,0
6.073669625,0,1,1
6.073669875,1,1,0
6.073670250,1,1,1
6.073670500,0,1,0
6.073671250,0,1,1
6.073671500,0,1,0
6.073671875,0,1,1
6.073672125,0,1,0
6.073672625,0,1,1
6.073672875,1,1,0
6.073673375,1,1,1
6.073673625,0,1,0
6.073674875,0,1,1
6.073675125,0,1,0
6.073675500,0,1,1
6.073675750,0,1,0
6.073676250,0,1,1
6.073676500,1,1,0
6.073676875,1,1,1
6.073677125,0,1,0
6.073677875,0,1,1
6.073678125,0,1,0
6.073678625,0,1,1
6.073678875,1,1,0
6.073679375,1,1,1
6.073679625,0,1,0
6.073680000,0,1,1
6.073680250,0,1,0
6.073681500,0,1,1
6.073681750,0,1,0
6.073682125,0,1,1
6.073682375,0,1,0
6.073682875,0,1,1
6.073683125,1,1,0
6.073683625,1,1,1
6.073683875,0,1,0
6.073684625,0,1,1
6.073684875,0,1,0
6.073685250,0,1,1
6.073685500,1,1,0
6.073686000,1,1,1
6.073686250,1,1,0
6.073686625,1,1,1
6.073686875,0,1,0
6.073688125,0,1,1
6.073688375,0,1,0
6.073688875,0,1,1
6.073689125,0,1,0
6.073689625,0,1,1
6.073689875,1,1,0
6.073690250,1,1,1
6.073690500,0,1,0
6.073691250,0,1,1
6.073691500,1,1,0
6.073691875,1,1,1
6.073692125,0,1,0
6.073692625,0,1,1
6.073692875,0,1,0
6.073693375,0,1,1
6.073693625,0,1,0
6.073694875,0,1,1
6.073695125,0,1,0
6.073695500,0,1,1
6.073695750,0,1,0
6.073696250,0,1,1
6.073696500,1,1,0
6.073696875,1,1,1
6.073697125,0,1,0
6.073697875,0,1,1
6.073698125,1,1,0
6.073698625,1,1,1
6.073698875,0,1,0
6.073699375,0,1,1
6.073699625,1,1,0
6.073700000,1,1,1
6.073700250,0,1,0
6.073701500,0,1,1
6.073701750,0,1,0
6.073702125,0,1,1
6.073702375,0,1,0
6.073702875,0,1,1
6.073703125,1,1,0
6.073703625,1,1,1
6.073703875,0,1,0
6.073704625,0,1,1
6.073704875,1,1,0
6.073705250,1,1,1
6.073705500,1,1,0
6.073706000,1,1,1
6.073706250,0,1,0
6.073706625,0,1,1
6.073706875,0,1,0
6.073708125,0,1,1
6.073708375,0,1,0
6.073708875,0,1,1
6.073709125,0,1,0
6.073709625,0,1,1
6.073709875,1,1,0
6.073710250,1,1,1
6.073710500,0,1,0
6.073711250,0,1,1
6.073711500,1,1,0
6.073711875,1,1,1
6.073712125,1,1,0
6.073712625,1,1,1
6.073712875,1,1,0
6.073713375,1,1,1
6.073713625,0,1,0
6.073714875,0,1,1
6.073715125,0,1,0
6.073715500,0,1,1
6.073715750,0,1,0
6.073716250,0,1,1
6.073716500,1,1,0
6.073716875,1,1,1
6.073717125,1,1,0
6.073717875,1,1,1
6.073718125,0,1,0
6.073718625,0,1,1
6.073718875,0,1,0
6.073719375,0,1,1
6.073719625,0,1,0
6.073720000,0,1,1
6.073720250,0,1,0
6.073721500,0,1,1
6.073721750,0,1,0
6.073722125,0,1,1
6.073722375,0,1,0
6.073722875,0,1,1
6.073723125,1,1,0
6.073723625,1,1,1
6.073723875,1,1,0
6.073724625,1,1,1
6.073724875,0,1,0
6.073725250,0,1,1
6.073725500,0,1,0
6.073726000,0,1,1
6.073726250,1,1,0
6.073726625,1,1,1
6.073726875,0,1,0
6.073728125,0,1,1
6.073728375,0,1,0
6.073728875,0,1,1
6.073729125,0,1,0
6.073729625,0,1,1
6.073729875,1,1,0
6.073730250,1,1,1
6.073730500,1,1,0
6.073731250,1,1,1
6.073731500,0,1,0
6.073731875,0,1,1
6.073732125,1,1,0
6.073732625,1,1,1
6.073732875,0,1,0
6.073733375,0,1,1
6.073733625,0,1,0
6.073739875,0,1,1
6.073740125,0,1,0
6.073740625,0,1,1
6.073740875,0,1,0
6.073741375,0,1,1
6.073741625,1,1,0
6.073742000,1,1,1
6.073742250,1,1,0
6.073743000,1,1,1
6.073743250,0,1,0
6.073743625,0,1,1
6.073743875,1,1,0
6.073744375,1,1,1
6.073744625,1,1,0
6.073745125,1,1,1
6.073745375,0,1,0
6.073863500,1,1,0
6.074091000,1,1,1
6.074091250,1,1,0
6.074091750,1,1,1
6.074092000,1,1,0
6.074092500,1,1,1
6.074092750,1,1,0
6.074093125,1,1,1
6.074093375,1,1,0
6.074094125,1,1,1
6.074094375,1,1,0
6.074094750,1,1,1
6.074095000,1,1,0
6.074095500,1,1,1
6.074095750,1,1,0
6.074096250,1,1,1
6.074096500,1,1,0
6.074097750,1,1,1
6.074098000,1,1,0
6.074098375,1,1,1
6.074098625,1,1,0
6.074099125,1,1,1
6.074099375,1,1,0
6.074099750,1,1,1
6.074100000,1,1,0
6.074100750,1,1,1
6.074101000,1,1,0
6.074101500,1,1,1
6.074101750,1,1,0
6.074102250,1,1,1
6.074102500,1,1,0
6.074102875,1,1,1
6.074103125,1,1,0
6.074104375,1,1,1
6.074104625,1,1,0
6.074105000,1,1,1
6.074105250,1,1,0
6.074105750,1,1,1
6.074106000,1,1,0
6.074106500,1,1,1
6.074106750,1,1,0
6.074107500,1,1,1
6.074107750,1,1,0
6.074108125,1,1,1
6.074108375,1,1,0
6.074108875,1,1,1
6.074109125,1,1,0
6.074109500,1,1,1
6.074109750,1,1,0
6.074111000,1,1,1
6.074111250,1,1,0
6.074111750,1,1,1
6.074112000,1,1,0
6.074112500,1,1,1
6.074112750,1,1,0
6.074113125,1,1,1
6.074113375,1,1,0
6.074114125,1,1,1
6.074114375,1,1,0
6.074114750,1,1,1
6.074115000,1,1,0
6.074115500,1,1,1
6.074115750,1,1,0
6.074116250,0,1,1
6.074116500,0,1,0
6.074117750,0,1,1
6.074118000,0,1,0
6.074118375,0,1,1
6.074118625,0,1,0
6.074119125,0,1,1
6.074119375,1,1,0
6.074119750,1,1,1
6.074120000,1,1,0
6.074120750,1,1,1
6.074121000,1,1,0
6.074121500,1,1,1
6.074121750,0,1,0
6.074122250,0,1,1
6.074122500,0,1,0
6.074122875,0,1,1
6.074123125,0,1,0
6.074124375,0,1,1
6.074124625,0,1,0
6.074125000,0,1,1
6.074125250,0,1,0
6.074125750,0,1,1
6.074126000,1,1,0
6.074126500,1,1,1
6.074126750,1,1,0
6.074127500,1,1,1
6.074127750,1,1,0
6.074128125,1,1,1
6.074128375,0,1,0
6.074128875,0,1,1
6.074129125,1,1,0
6.074129500,1,1,1
6.074129750,0,1,0
6.074131000,0,1,1
6.074131250,0,1,0
6.074131750,0,1,1
6.074132000,0,1,0
6.074132500,0,1,1
6.074132750,1,1,0
6.074133125,1,1,1
6.074133375,1,1,0
6.074134125,1,1,1
6.074134375,1,1,0
6.074134750,1,1,1
6.074135000,1,1,0
6.074135500,1,1,1
6.074135750,0,1,0
6.074136250,0,1,1
6.074136500,0,1,0
6.074137750,0,1,1
6.074138000,0,1,0
6.074138375,0,1,1
6.074138625,0,1,0
6.074139125,0,1,1
6.074139375,1,1,0
6.074139750,1,1,1
6.074140000,1,1,0
6.074140750,1,1,1
6.074141000,1,1,0
6.074141500,1,1,1
6.074141750,1,1,0
6.074142250,1,1,1
6.074142500,1,1,0
6.074142875,1,1,1
6.074143125,1,1,0
6.074828500,1,1,1
6.074828750,1,1,0
6.074829250,1,1,1
6.074829500,1,1,0
6.074830000,1,1,1
6.074830250,1,1,0
6.074830625,1,1,1
6.074830875,1,1,0
6.074831625,1,1,1
6.074831875,1,1,0
6.074832250,1,1,1
6.074832500,1,1,0
6.074833000,1,1,1
6.074833250,1,1,0
6.074833750,1,1,1
6.074834000,1,1,0
6.075509000,1,1,1
6.075509250,1,1,0
6.075509625,1,1,1
6.075509875,1,1,0
6.075510375,1,1,1
6.075510625,1,1,0
6.075511125,1,1,1
6.075511375,1,1,0
6.075512125,1,1,1
6.075512375,1,1,0
6.075512750,1,1,1
6.075513000,1,1,0
6.075513500,1,1,1
6.075513750,1,1,0
6.075514125,0,1,1
6.075514375,0,1,0
6.075515625,0,1,1
6.075515875,0,1,0
6.075516375,0,1,1
6.075516625,0,1,0
6.075517125,0,1,1
6.075517375,0,1,0
6.075517750,0,1,1
6.075518000,0,1,0
6.075518750,0,1,1
6.075519000,0,1,0
6.075519375,0,1,1
6.075519625,1,1,0
6.075520125,1,1,1
6.075520375,0,1,0
6.075520875,0,1,1
6.075521125,0,1,0
6.075643500,1,1,0
6.075902250,1,1,1
6.075902500,1,1,0
6.075902875,1,1,1
6.075903125,1,1,0
6.075903625,1,1,1
6.075903875,1,1,0
6.075904375,1,1,1
6.075904625,1,1,0
6.075905375,1,1,1
6.075905625,1,1,0
6.075906000,1,1,1
6.075906250,1,1,0
6.075906750,1,1,1
6.075907000,1,1,0
6.075907375,1,1,1
6.075907625,1,1,0
6.075908875,1,1,1
6.075909125,1,1,0
6.075909625,1,1,1
6.075909875,1,1,0
6.075910375,1,1,1
6.075910625,1,1,0
6.075911000,1,1,1
6.075911250,1,1,0
6.075912000,1,1,1
6.075912250,1,1,0
6.075912625,1,1,1
6.075912875,1,1,0
6.075913375,1,1,1
6.075913625,1,1,0
6.075914125,1,1,1
6.075914375,1,1,0
6.075915625,1,1,1
6.075915875,1,1,0
6.075916250,1,1,1
6.075916500,1,1,0
6.075917000,1,1,1
6.075917250,1,1,0
6.075917625,1,1,1
6.075917875,1,1,0
6.075918625,1,1,1
6.075918875,1,1,0
6.075919375,1,1,1
6.075919625,1,1,0
6.075920125,1,1,1
6.075920375,1,1,0
6.075920750,1,1,1
6.075921000,1,1,0
6.075922250,1,1,1
6.075922500,1,1,0
6.075922875,1,1,1
6.075923125,1,1,0
6.075923625,1,1,1
6.075923875,1,1,0
6.075924375,1,1,1
6.075924625,1,1,0
6.075925375,1,1,1
6.075925625,1,1,0
6.075926000,1,1,1
6.075926250,1,1,0
6.075926750,1,1,1
6.075927000,1,1,0
6.075927375,1,1,1
6.075927625,1,1,0
6.076179875,1,1,1
6.076180125,1,1,0
6.076180500,1,1,1
6.076180750,1,1,0
6.076181250,1,1,1
6.076181500,1,1,0
6.076181875,1,1,1
6.076182125,1,1,0
6.076182875,1,1,1
6.076183125,1,1,0
6.076183625,1,1,1
6.076183875,1,1,0
6.076184375,1,1,1
6.076184625,1,1,0
6.076185000,0,1,1
6.076185250,0,1,0
6.076186500,0,1,1
6.076186750,0,1,0
6.076187125,0,1,1
6.076187375,0,1,0
6.076187875,0,1,1
6.076188125,0,1,0
6.076188625,0,1,1
6.076188875,0,1,0
6.076189625,0,1,1
6.076189875,0,1,0
6.076190250,0,1,1
6.076190500,1,1,0
6.076191000,1,1,1
6.076191250,1,1,0
6.076191625,1,1,1
6.076191875,0,1,0
6.076312375,1,1,0
6.086958875,1,1,1
6.086959125,1,1,0
6.086959500,1,1,1
6.086959750,1,1,0
6.086960250,1,1,1
6.086960500,1,1,0
6.086960875,1,1,1
6.086961125,1,1,0
6.086961875,1,1,1
6.086962125,1,1,0
6.086962625,1,1,1
6.086962875,1,1,0
6.086963375,1,1,1
6.086963625,1,1,0
6.086964000,0,1,1
6.086964250,0,1,0
6.086965500,0,1,1
6.086965750,0,1,0
6.086966125,0,1,1
6.086966375,0,1,0
6.086966875,0,1,1
6.086967125,0,1,0
6.086967625,0,1,1
6.086967875,0,1,0
6.086968625,0,1,1
6.086968875,0,1,0
6.086969250,0,1,1
6.086969500,1,1,0
6.086970000,1,1,1
6.086970250,1,1,0
6.086970625,1,1,1
6.086970875,0,1,0
6.087055750,1,1,0
6.097683375,1,1,1
6.097683625,1,1,0
6.097684125,1,1,1
6.097684375,1,1,0
6.097684875,1,1,1
6.097685125,1,1,0
6.097685500,1,1,1
6.097685750,1,1,0
6.097686500,1,1,1
6.097686750,1,1,0
6.097687125,1,1,1
6.097687375,1,1,0
6.097687875,1,1,1
6.097688125,1,1,0
6.097688625,0,1,1
6.097688875,0,1,0
6.097690125,0,1,1
6.097690375,0,1,0
6.097690750,0,1,1
6.097691000,0,1,0
6.097691500,0,1,1
6.097691750,0,1,0
6.097692125,0,1,1
6.097692375,0,1,0
6.097693125,0,1,1
6.097693375,0,1,0
6.097693875,0,1,1
6.097694125,1,1,0
6.097694625,1,1,1
6.097694875,1,1,0
6.097695250,1,1,1
6.097695500,0,1,0
6.097790875,1,1,0
6.108358125,1,1,1
6.108358375,1,1,0
6.108358750,1,1,1
6.108359000,1,1,0
6.108359500,1,1,1
6.108359750,1,1,0
6.108360125,1,1,1
6.108360375,1,1,0
6.108361125,1,1,1
6.108361375,1,1,0
6.108361875,1,1,1
6.108362125,1,1,0
6.108362625,1,1,1
6.108362875,1,1,0
6.108363250,0,1,1
6.108363500,0,1,0
6.108364750,0,1,1
6.108365000,0,1,0
6.108365375,0,1,1
6.108365625,0,1,0
6.108366125,0,1,1
6.108366375,0,1,0
6.108366875,0,1,1
6.108367125,0,1,0
6.108367875,0,1,1
6.108368125,0,1,0
6.108368500,0,1,1
6.108368750,0,1,0
6.108369250,0,1,1
6.108369500,0,1,0
6.108369875,0,1,1
6.108370125,0,1,0
6.108507125,1,1,0
6.108920125,1,1,1
6.108920375,1,1,0
6.108920750,1,1,1
6.108921000,1,1,0
6.108921500,1,1,1
6.108921750,1,1,0
6.108922125,1,1,1
6.108922375,1,1,0
6.108923125,1,1,1
6.108923375,1,1,0
6.108923875,1,1,1
6.108924125,1,1,0
6.108924625,1,1,1
6.108924875,1,1,0
6.108925250,1,1,1
6.108925500,1,1,0
6.110667125,1,1,1
6.110667375,1,1,0
6.110667875,1,1,1
6.110668125,1,1,0
6.110668625,1,1,1
6.110668875,1,1,0
6.110669250,1,1,1
6.110669500,1,1,0
6.110670250,1,1,1
6.110670500,1,1,0
6.110670875,1,1,1
6.110671125,1,1,0
6.110671625,1,1,1
6.110671875,1,1,0
6.110672375,0,1,1
6.110672625,0,1,0
6.110673875,0,1,1
6.110674125,0,1,0
6.110674500,0,1,1
6.110674750,0,1,0
6.110675250,0,1,1
6.110675500,0,1,0
6.110675875,0,1,1
6.110676125,0,1,0
6.110676875,0,1,1
6.110677125,0,1,0
6.110677625,0,1,1
6.110677875,1,1,0
6.110678375,1,1,1
6.110678625,0,1,0
6.110679000,0,1,1
6.110679250,0,1,0
6.111103750,1,1,0
6.111402125,1,1,1
6.111402375,1,1,0
6.111402875,1,1,1
6.111403125,1,1,0
6.111403625,1,1,1
6.111403875,1,1,0
6.111404250,1,1,1
6.111404500,1,1,0
6.111405250,1,1,1
6.111405500,1,1,0
6.111405875,1,1,1
6.111406125,1,1,0
6.111406625,1,1,1
6.111406875,1,1,0
6.111407375,1,1,1
6.111407625,1,1,0
6.111408875,1,1,1
6.111409125,1,1,0
6.111409500,1,1,1
6.111409750,1,1,0
6.111410250,1,1,1
6.111410500,1,1,0
6.111410875,1,1,1
6.111411125,1,1,0
6.111411875,1,1,1
6.111412125,1,1,0
6.111412625,1,1,1
6.111412875,1,1,0
6.111413375,1,1,1
6.111413625,1,1,0
6.111414000,1,1,1
6.111414250,1,1,0
6.111415500,1,1,1
6.111415750,1,1,0
6.111416125,1,1,1
6.111416375,1,1,0
6.111416875,1,1,1
6.111417125,1,1,0
6.111417625,1,1,1
6.111417875,1,1,0
6.111418625,1,1,1
6.111418875,1,1,0
6.111419250,1,1,1
6.111419500,1,1,0
6.111420000,1,1,1
6.111420250,1,1,0
6.111420625,1,1,1
6.111420875,1,1,0
6.111422125,1,1,1
6.111422375,1,1,0
6.111422875,1,1,1
6.111423125,1,1,0
6.111423625,1,1,1
6.111423875,1,1,0
6.111424250,1,1,1
6.111424500,1,1,0
6.111425250,1,1,1
6.111425500,1,1,0
6.111425875,1,1,1
6.111426125,1,1,0
6.111426625,1,1,1
6.111426875,1,1,0
6.111427375,1,1,1
6.111427625,1,1,0
6.111428875,1,1,1
6.111429125,1,1,0
6.111429500,1,1,1
6.111429750,1,1,0
6.111430250,1,1,1
6.111430500,1,1,0
6.111430875,1,1,1
6.111431125,1,1,0
6.111431875,1,1,1
6.111432125,1,1,0
6.111432625,1,1,1
6.111432875,1,1,0
6.111433375,1,1,1
6.111433625,1,1,0
6.111434000,1,1,1
6.111434250,1,1,0
6.111435500,1,1,1
6.111435750,1,1,0
6.111436125,1,1,1
6.111436375,1,1,0
6.111436875,1,1,1
6.111437125,1,1,0
6.111437625,1,1,1
6.111437875,1,1,0
6.111438625,1,1,1
6.111438875,1,1,0
6.111439250,1,1,1
6.111439500,1,1,0
6.111440000,1,1,1
6.111440250,1,1,0
6.111440625,1,1,1
6.111440875,1,1,0
6.111442125,1,1,1
6.111442375,1,1,0
6.111442875,1,1,1
6.111443125,1,1,0
6.111443625,1,1,1
6.111443875,1,1,0
6.111444250,1,1,1
6.111444500,1,1,0
6.111445250,1,1,1
6.111445500,1,1,0
6.111445875,1,1,1
6.111446125,1,1,0
6.111446625,1,1,1
6.111446875,1,1,0
6.111447375,1,1,1
6.111447625,1,1,0
6.111448875,1,1,1
6.111449125,1,1,0
6.111449500,1,1,1
6.111449750,1,1,0
6.111450250,1,1,1
6.111450500,1,1,0
6.111450875,1,1,1
6.111451125,1,1,0
6.111451875,1,1,1
6.111452125,1,1,0
6.111452625,1,1,1
6.111452875,1,1,0
6.111453375,1,1,1
6.111453625,1,1,0
6.111454000,1,1,1
6.111454250,1,1,0
6.111455500,1,1,1
6.111455750,1,1,0
6.111456125,1,1,1
6.111456375,1,1,0
6.111456875,1,1,1
6.111457125,1,1,0
6.111457625,1,1,1
6.111457875,1,1,0
6.111458625,1,1,1
6.111458875,1,1,0
6.111459250,1,1,1
6.111459500,1,1,0
6.111460000,1,1,1
6.111460250,1,1,0
6.111460625,1,1,1
6.111460875,1,1,0
6.111462125,1,1,1
6.111462375,1,1,0
6.111462875,1,1,1
6.111463125,1,1,0
6.111463625,1,1,1
6.111463875,1,1,0
6.111464250,1,1,1
6.111464500,1,1,0
6.111465250,1,1,1
6.111465500,1,1,0
6.111465875,1,1,1
6.111466125,1,1,0
6.111466625,1,1,1
6.111466875,1,1,0
6.111467375,1,1,1
6.111467625,1,1,0
6.111468875,1,1,1
6.111469125,1,1,0
6.111469500,1,1,1
6.111469750,1,1,0
6.111470250,1,1,1
6.111470500,1,1,0
6.111470875,1,1,1
6.111471125,1,1,0
6.111471875,1,1,1
6.111472125,1,1,0
6.111472625,1,1,1
6.111472875,1,1,0
6.111473375,1,1,1
6.111473625,1,1,0
6.111474000,1,1,1
6.111474250,1,1,0
6.111475500,1,1,1
6.111475750,1,1,0
6.111476125,1,1,1
6.111476375,1,1,0
6.111476875,1,1,1
6.111477125,1,1,0
6.111477625,1,1,1
6.111477875,1,1,0
6.111478625,1,1,1
6.111478875,1,1,0
6.111479250,1,1,1
6.111479500,1,1,0
6.111480000,1,1,1
6.111480250,1,1,0
6.111480625,1,1,1
6.111480875,1,1,0
6.111482125,1,1,1
6.111482375,1,1,0
6.111482875,1,1,1
6.111483125,1,1,0
6.111483625,1,1,1
6.111483875,1,1,0
6.111484250,1,1,1
6.111484500,1,1,0
6.111485250,1,1,1
6.111485500,1,1,0
6.111485875,1,1,1
6.111486125,1,1,0
6.111486625,1,1,1
6.111486875,1,1,0
6.111487375,1,1,1
6.111487625,1,1,0
6.111488875,1,1,1
6.111489125,1,1,0
6.111489500,1,1,1
6.111489750,1,1,0
6.111490250,1,1,1
6.111490500,1,1,0
6.111490875,1,1,1
6.111491125,1,1,0
6.111491875,1,1,1
6.111492125,1,1,0
6.111492625,1,1,1
6.111492875,1,1,0
6.111493375,1,1,1
6.111493625,1,1,0
6.111494000,1,1,1
6.111494250,1,1,0
6.111495500,1,1,1
6.111495750,1,1,0
6.111496125,1,1,1
6.111496375,1,1,0
6.111496875,1,1,1
6.111497125,1,1,0
6.111497625,1,1,1
6.111497875,1,1,0
6.111498625,1,1,1
6.111498875,1,1,0
6.111499250,1,1,1
6.111499500,1,1,0
6.111500000,1,1,1
6.111500250,1,1,0
6.111500625,1,1,1
6.111500875,1,1,0
6.111502125,1,1,1
6.111502375,1,1,0
6.111502875,1,1,1
6.111503125,1,1,0
6.111503625,1,1,1
6.111503875,1,1,0
6.111504250,1,1,1
6.111504500,1,1,0
6.111505250,1,1,1
6.111505500,1,1,0
6.111505875,1,1,1
6.111506125,1,1,0
6.111506625,1,1,1
6.111506875,1,1,0
6.111507375,1,1,1
6.111507625,1,1,0
6.111508875,1,1,1
6.111509125,1,1,0
6.111509500,1,1,1
6.111509750,1,1,0
6.111510250,1,1,1
6.111510500,1,1,0
6.111510875,1,1,1
6.111511125,1,1,0
6.111511875,1,1,1
6.111512125,1,1,0
6.111512625,1,1,1
6.111512875,1,1,0
6.111513375,1,1,1
6.111513625,1,1,0
6.111514000,1,1,1
6.111514250,1,1,0
6.111515500,1,1,1
6.111515750,1,1,0
6.111516125,1,1,1
6.111516375,1,1,0
6.111516875,1,1,1
6.111517125,1,1,0
6.111517625,1,1,1
6.111517875,1,1,0
6.111518625,1,1,1
6.111518875,1,1,0
6.111519250,1,1,1
6.111519500,1,1,0
6.111520000,1,1,1
6.111520250,1,1,0
6.111520625,1,1,1
6.111520875,1,1,0
6.111522125,1,1,1
6.111522375,1,1,0
6.111522875,1,1,1
6.111523125,1,1,0
6.111523625,1,1,1
6.111523875,1,1,0
6.111524250,1,1,1
6.111524500,1,1,0
6.111525250,1,1,1
6.111525500,1,1,0
6.111525875,1,1,1
6.111526125,1,1,0
6.111526625,1,1,1
6.111526875,1,1,0
6.111527375,1,1,1
6.111527625,1,1,0
6.111528875,1,1,1
6.111529125,1,1,0
6.111529500,1,1,1
6.111529750,1,1,0
6.111530250,1,1,1
6.111530500,1,1,0
6.111530875,1,1,1
6.111531125,1,1,0
6.111531875,1,1,1
6.111532125,1,1,0
6.111532625,1,1,1
6.111532875,1,1,0
6.111533375,1,1,1
6.111533625,1,1,0
6.111534000,1,1,1
6.111534250,1,1,0
6.111535500,1,1,1
6.111535750,1,1,0
6.111536125,1,1,1
6.111536375,1,1,0
6.111536875,1,1,1
6.111537125,1,1,0
6.111537625,1,1,1
6.111537875,1,1,0
6.111538625,1,1,1
6.111538875,1,1,0
6.111539250,1,1,1
6.111539500,1,1,0
6.111540000,1,1,1
6.111540250,1,1,0
6.111540625,1,1,1
6.111540875,1,1,0
6.111542125,1,1,1
6.111542375,1,1,0
6.111542875,1,1,1
6.111543125,1,1,0
6.111543625,1,1,1
6.111543875,1,1,0
6.111544250,1,1,1
6.111544500,1,1,0
6.111545250,1,1,1
6.111545500,1,1,0
6.111545875,1,1,1
6.111546125,1,1,0
6.111546625,1,1,1
6.111546875,1,1,0
6.111547375,1,1,1
6.111547625,1,1,0
6.111548875,1,1,1
6.111549125,1,1,0
6.111549500,1,1,1
6.111549750,1,1,0
6.111550250,1,1,1
6.111550500,1,1,0
6.111550875,1,1,1
6.111551125,1,1,0
6.111551875,1,1,1
6.111552125,1,1,0
6.111552625,1,1,1
6.111552875,1,1,0
6.111553375,1,1,1
6.111553625,1,1,0
6.111554000,1,1,1
6.111554250,1,1,0
6.111555500,1,1,1
6.111555750,1,1,0
6.111556125,1,1,1
6.111556375,1,1,0
6.111556875,1,1,1
6.111557125,1,1,0
6.111557625,1,1,1
6.111557875,1,1,0
6.111558625,1,1,1
6.111558875,1,1,0
6.111559250,1,1,1
6.111559500,1,1,0
6.111560000,1,1,1
6.111560250,1,1,0
6.111560625,1,1,1
6.111560875,1,1,0
6.111562125,1,1,1
6.111562375,1,1,0
6.111562875,1,1,1
6.111563125,1,1,0
6.111563625,1,1,1
6.111563875,1,1,0
6.111564250,1,1,1
6.111564500,1,1,0
6.111565250,1,1,1
6.111565500,1,1,0
6.111565875,1,1,1
6.111566125,1,1,0
6.111566625,1,1,1
6.111566875,1,1,0
6.111567375,1,1,1
6.111567625,1,1,0
6.111568875,1,1,1
6.111569125,1,1,0
6.111569500,1,1,1
6.111569750,1,1,0
6.111570250,1,1,1
6.111570500,1,1,0
6.111570875,1,1,1
6.111571125,1,1,0
6.111571875,1,1,1
6.111572125,1,1,0
6.111572625,1,1,1
6.111572875,1,1,0
6.111573375,1,1,1
6.111573625,1,1,0
6.111574000,1,1,1
6.111574250,1,1,0
6.111575500,1,1,1
6.111575750,1,1,0
6.111576125,1,1,1
6.111576375,1,1,0
6.111576875,1,1,1
6.111577125,1,1,0
6.111577625,1,1,1
6.111577875,1,1,0
6.111578625,1,1,1
6.111578875,1,1,0
6.111579250,1,1,1
6.111579500,1,1,0
6.111580000,1,1,1
6.111580250,1,1,0
6.111580625,1,1,1
6.111580875,1,1,0
6.111582125,1,1,1
6.111582375,1,1,0
6.111582875,1,1,1
6.111583125,1,1,0
6.111583625,1,1,1
6.111583875,1,1,0
6.111584250,1,1,1
6.111584500,1,1,0
6.111585250,1,1,1
6.111585500,1,1,0
6.111585875,1,1,1
6.111586125,1,1,0
6.111586625,1,1,1
6.111586875,1,1,0
6.111587375,1,1,1
6.111587625,1,1,0
6.111588875,1,1,1
6.111589125,1,1,0
6.111589500,1,1,1
6.111589750,1,1,0
6.111590250,1,1,1
6.111590500,1,1,0
6.111590875,1,1,1
6.111591125,1,1,0
6.111591875,1,1,1
6.111592125,1,1,0
6.111592625,1,1,1
6.111592875,1,1,0
6.111593375,1,1,1
6.111593625,1,1,0
6.111594000,1,1,1
6.111594250,1,1,0
6.111595500,1,1,1
6.111595750,1,1,0
6.111596125,1,1,1
6.111596375,1,1,0
6.111596875,1,1,1
6.111597125,1,1,0
6.111597625,1,1,1
6.111597875,1,1,0
6.111598625,1,1,1
6.111598875,1,1,0
6.111599250,1,1,1
6.111599500,1,1,0
6.111600000,1,1,1
6.111600250,1,1,0
6.111600625,1,1,1
6.111600875,1,1,0
6.111602125,1,1,1
6.111602375,1,1,0
6.111602875,1,1,1
6.111603125,1,1,0
6.111603625,1,1,1
6.111603875,1,1,0
6.111604250,1,1,1
6.111604500,1,1,0
6.111605250,1,1,1
6.111605500,1,1,0
6.111605875,1,1,1
6.111606125,1,1,0
6.111606625,1,1,1
6.111606875,1,1,0
6.111607375,1,1,1
6.111607625,1,1,0
6.111613875,1,1,1
6.111614250,1,1,0
6.111614625,1,1,1
6.111614875,1,1,0
6.111615375,1,1,1
6.111615750,1,1,0
6.111616125,1,1,1
6.111616375,1,1,0
6.111617125,1,1,1
6.111617375,1,1,0
6.111617875,1,1,1
6.111618125,1,1,0
6.111618625,1,1,1
6.111618875,1,1,0
6.111619250,1,1,1
6.111619625,1,1,0
6.111883625,1,1,1
6.111883875,1,1,0
6.111884250,1,1,1
6.111884500,1,1,0
6.111885000,1,1,1
6.111885250,1,1,0
6.111885750,1,1,1
6.111886000,1,1,0
6.111886750,1,1,1
6.111887000,1,1,0
6.111887375,1,1,1
6.111887625,1,1,0
6.111888125,1,1,1
6.111888375,1,1,0
6.111888750,0,1,1
6.111889000,0,1,0
6.111890250,0,1,1
6.111890500,0,1,0
6.111891000,0,1,1
6.111891250,0,1,0
6.111891750,0,1,1
6.111892000,0,1,0
6.111892375,0,1,1
6.111892625,0,1,0
6.111893375,0,1,1
6.111893625,0,1,0
6.111894000,0,1,1
6.111894250,0,1,0
6.111894750,0,1,1
6.111895000,0,1,0
6.111895500,0,1,1
6.111895750,0,1,0
6.112009750,1,1,0
6.112133125,1,1,1
6.112133375,1,1,0
6.112133875,1,1,1
6.112134125,1,1,0
6.112134625,1,1,1
6.112134875,1,1,0
6.112135250,1,1,1
6.112135500,1,1,0
6.112136250,1,1,1
6.112136500,1,1,0
6.112136875,1,1,1
6.112137125,1,1,0
6.112137625,1,1,1
6.112137875,1,1,0
6.112138375,1,1,1
6.112138625,1,1,0
6.112355250,1,1,1
6.112355500,1,1,0
6.112355875,1,1,1
6.112356125,1,1,0
6.112356625,1,1,1
6.112356875,1,1,0
6.112357375,1,1,1
6.112357625,1,1,0
6.112358375,1,1,1
6.112358625,1,1,0
6.112359000,1,1,1
6.112359250,1,1,0
6.112359750,1,1,1
6.112360000,1,1,0
6.112360375,0,1,1
6.112360625,0,1,0
6.112361875,0,1,1
6.112362125,0,1,0
6.112362625,0,1,1
6.112362875,0,1,0
6.112363375,0,1,1
6.112363625,0,1,0
6.112364000,0,1,1
6.112364250,0,1,0
6.112365000,0,1,1
6.112365250,0,1,0
6.112365625,0,1,1
6.112365875,1,1,0
6.112366375,1,1,1
6.112366625,0,1,0
6.112367125,0,1,1
6.112367375,0,1,0
6.112462625,1,1,0
6.112579750,1,1,1
6.112580000,1,1,0
6.112580375,1,1,1
6.112580625,1,1,0
6.112581125,1,1,1
6.112581375,1,1,0
6.112581875,1,1,1
6.112582125,1,1,0
6.112582875,1,1,1
6.112583125,1,1,0
6.112583500,1,1,1
6.112583750,1,1,0
6.112584250,1,1,1
6.112584500,1,1,0
6.112584875,1,1,1
6.112585125,1,1,0
6.112586375,1,1,1
6.112586625,1,1,0
6.112587125,1,1,1
6.112587375,1,1,0
6.112587875,1,1,1
6.112588125,1,1,0
6.112588500,1,1,1
6.112588750,1,1,0
6.112589500,1,1,1
6.112589750,1,1,0
6.112590125,1,1,1
6.112590375,1,1,0
6.112590875,1,1,1
6.112591125,1,1,0
6.112591625,1,1,1
6.112591875,1,1,0
6.112593125,1,1,1
6.112593375,1,1,0
6.112593750,1,1,1
6.112594000,1,1,0
6.112594500,1,1,1
6.112594750,1,1,0
6.112595125,1,1,1
6.112595375,1,1,0
6.112596125,1,1,1
6.112596375,1,1,0
6.112596875,1,1,1
6.112597125,1,1,0
6.112597625,1,1,1
6.112597875,1,1,0
6.112598250,1,1,1
6.112598500,1,1,0
6.112599750,1,1,1
6.112600000,1,1,0
6.112600375,1,1,1
6.112600625,1,1,0
6.112601125,1,1,1
6.112601375,1,1,0
6.112601875,1,1,1
6.112602125,1,1,0
6.112602875,1,1,1
6.112603125,1,1,0
6.112603500,1,1,1
6.112603750,1,1,0
6.112604250,1,1,1
6.112604500,1,1,0
6.112604875,1,1,1
6.112605125,1,1,0
6.112606375,1,1,1
6.112606625,1,1,0
6.112607125,1,1,1
6.112607375,1,1,0
6.112607875,1,1,1
6.112608125,1,1,0
6.112608500,1,1,1
6.112608750,1,1,0
6.112609500,1,1,1
6.112609750,1,1,0
6.112610125,1,1,1
6.112610375,1,1,0
6.112610875,1,1,1
6.112611125,1,1,0
6.112611625,1,1,1
6.112611875,1,1,0
6.112613125,1,1,1
6.112613375,1,1,0
6.112613750,1,1,1
6.112614000,1,1,0
6.112614500,1,1,1
6.112614750,1,1,0
6.112615125,1,1,1
6.112615375,1,1,0
6.112616125,1,1,1
6.112616375,1,1,0
6.112616875,1,1,1
6.112617125,1,1,0
6.112617625,1,1,1
6.112617875,1,1,0
6.112618250,1,1,1
6.112618500,1,1,0
6.112619750,1,1,1
6.112620000,1,1,0
6.112620375,1,1,1
6.112620625,1,1,0
6.112621125,1,1,1
6.112621375,1,1,0
6.112621875,1,1,1
6.112622125,1,1,0
6.112622875,1,1,1
6.112623125,1,1,0
6.112623500,1,1,1
6.112623750,1,1,0
6.112624250,1,1,1
6.112624500,1,1,0
6.112624875,1,1,1
6.112625125,1,1,0
6.112626375,1,1,1
6.112626625,1,1,0
6.112627125,1,1,1
6.112627375,1,1,0
6.112627875,1,1,1
6.112628125,1,1,0
6.112628500,1,1,1
6.112628750,1,1,0
6.112629500,1,1,1
6.112629750,1,1,0
6.112630125,1,1,1
6.112630375,1,1,0
6.112630875,1,1,1
6.112631125,1,1,0
6.112631625,1,1,1
6.112631875,1,1,0
6.112829875,1,1,1
6.112830125,1,1,0
6.112830625,1,1,1
6.112830875,1,1,0
6.112831375,1,1,1
6.112831625,1,1,0
6.112832000,1,1,1
6.112832250,1,1,0
6.112833000,1,1,1
6.112833250,1,1,0
6.112833625,1,1,1
6.112833875,1,1,0
6.112834375,1,1,1
6.112834625,1,1,0
6.112835125,0,1,1
6.112835375,0,1,0
6.112836625,0,1,1
6.112836875,0,1,0
6.112837250,0,1,1
6.112837500,0,1,0
6.112838000,0,1,1
6.112838250,0,1,0
6.112838625,0,1,1
6.112838875,0,1,0
6.112839625,0,1,1
6.112839875,0,1,0
6.112840375,0,1,1
6.112840625,0,1,0
6.112841125,0,1,1
6.112841375,0,1,0
6.112841750,0,1,1
6.112842000,0,1,0
6.112941375,1,1,0
6.113283625,1,1,1
6.113283875,1,1,0
6.113284250,1,1,1
6.113284500,1,1,0
6.113285000,1,1,1
6.113285250,1,1,0
6.113285750,1,1,1
6.113286000,1,1,0
6.113286750,1,1,1
6.113287000,1,1,0
6.113287375,1,1,1
6.113287625,1,1,0
6.113288125,1,1,1
6.113288375,1,1,0
6.113288750,1,1,1
6.113289000,1,1,0
6.113290250,1,1,1
6.113290500,1,1,0
6.113291000,1,1,1
6.113291250,1,1,0
6.113291750,1,1,1
6.113292000,1,1,0
6.113292375,1,1,1
6.113292625,1,1,0
6.113293375,1,1,1
6.113293625,1,1,0
6.113294000,1,1,1
6.113294250,1,1,0
6.113294750,1,1,1
6.113295000,1,1,0
6.113295500,1,1,1
6.113295750,1,1,0
6.113297000,1,1,1
6.113297250,1,1,0
6.113297625,1,1,1
6.113297875,1,1,0
6.113298375,1,1,1
6.113298625,1,1,0
6.113299000,1,1,1
6.113299250,1,1,0
6.113300000,1,1,1
6.113300250,1,1,0
6.113300750,1,1,1
6.113301000,1,1,0
6.113301500,1,1,1
6.113301750,1,1,0
6.113302125,1,1,1
6.113302375,1,1,0
6.113303625,1,1,1
6.113303875,1,1,0
6.113304250,1,1,1
6.113304500,1,1,0
6.113305000,1,1,1
6.113305250,1,1,0
6.113305750,1,1,1
6.113306000,1,1,0
6.113306750,1,1,1
6.113307000,1,1,0
6.113307375,1,1,1
6.113307625,1,1,0
6.113308125,1,1,1
6.113308375,1,1,0
6.113308750,0,1,1
6.113309000,0,1,0
6.113310250,0,1,1
6.113310500,0,1,0
6.113311000,0,1,1
6.113311250,0,1,0
6.113311750,0,1,1
6.113312000,0,1,0
6.113312375,0,1,1
6.113312625,0,1,0
6.113313375,0,1,1
6.113313625,0,1,0
6.113314000,0,1,1
6.113314250,0,1,0
6.113314750,0,1,1
6.113315000,0,1,0
6.113315500,0,1,1
6.113315750,0,1,0
6.113317000,0,1,1
6.113317250,0,1,0
6.113317625,0,1,1
6.113317875,0,1,0
6.113318375,0,1,1
6.113318625,0,1,0
6.113319000,0,1,1
6.113319250,0,1,0
6.113320000,0,1,1
6.113320250,0,1,0
6.113320750,0,1,1
6.113321000,0,1,0
6.113321500,0,1,1
6.113321750,1,1,0
6.113322125,1,1,1
6.113322375,0,1,0
6.113323625,0,1,1
6.113323875,0,1,0
6.113324250,0,1,1
6.113324500,0,1,0
6.113325000,0,1,1
6.113325250,0,1,0
6.113325750,0,1,1
6.113326000,0,1,0
6.113326750,0,1,1
6.113327000,0,1,0
6.113327375,0,1,1
6.113327625,1,1,0
6.113328125,1,1,1
6.113328375,0,1,0
6.113328750,0,1,1
6.113329000,0,1,0
6.113330250,0,1,1
6.113330500,0,1,0
6.113331000,0,1,1
6.113331250,0,1,0
6.113331750,0,1,1
6.113332000,0,1,0
6.113332375,0,1,1
6.113332625,0,1,0
6.113333375,0,1,1
6.113333625,0,1,0
6.113334000,0,1,1
6.113334250,1,1,0
6.113334750,1,1,1
6.113335000,1,1,0
6.113335500,1,1,1
6.113335750,0,1,0
6.113337000,0,1,1
6.113337250,0,1,0
6.113337625,0,1,1
6.113337875,0,1,0
6.113338375,0,1,1
6.113338625,0,1,0
6.113339000,0,1,1
6.113339250,0,1,0
6.113340000,0,1,1
6.113340250,1,1,0
6.113340750,1,1,1
6.113341000,0,1,0
6.113341500,0,1,1
6.113341750,0,1,0
6.113342125,0,1,1
6.113342375,0,1,0
6.113343625,0,1,1
6.113343875,0,1,0
6.113344250,0,1,1
6.113344500,0,1,0
6.113345000,0,1,1
6.113345250,0,1,0
6.113345750,0,1,1
6.113346000,0,1,0
6.113346750,0,1,1
6.113347000,1,1,0
6.113347375,1,1,1
6.113347625,0,1,0
6.113348125,0,1,1
6.113348375,1,1,0
6.113348750,1,1,1
6.113349000,0,1,0
6.113350250,0,1,1
6.113350500,0,1,0
6.113351000,0,1,1
6.113351250,0,1,0
6.113351750,0,1,1
6.113352000,0,1,0
6.113352375,0,1,1
6.113352625,0,1,0
6.113353375,0,1,1
6.113353625,1,1,0
6.113354000,1,1,1
6.113354250,1,1,0
6.113354750,1,1,1
6.113355000,0,1,0
6.113355500,0,1,1
6.113355750,0,1,0
6.113357000,0,1,1
6.113357250,0,1,0
6.113357625,0,1,1
6.113357875,0,1,0
6.113358375,0,1,1
6.113358625,0,1,0
6.113359000,0,1,1
6.113359250,0,1,0
6.113360000,0,1,1
6.113360250,1,1,0
6.113360750,1,1,1
6.113361000,1,1,0
6.113361500,1,1,1
6.113361750,1,1,0
6.113362125,1,1,1
6.113362375,0,1,0
6.113363625,0,1,1
6.113363875,0,1,0
6.113364250,0,1,1
6.113364500,0,1,0
6.113365000,0,1,1
6.113365250,0,1,0
6.113365750,0,1,1
6.113366000,1,1,0
6.113366750,1,1,1
6.113367000,0,1,0
6.113367375,0,1,1
6.113367625,0,1,0
6.113368125,0,1,1
6.113368375,0,1,0
6.113368750,0,1,1
6.113369000,0,1,0
6.113370250,0,1,1
6.113370500,0,1,0
6.113371000,0,1,1
6.113371250,0,1,0
6.113371750,0,1,1
6.113372000,0,1,0
6.113372375,0,1,1
6.113372625,1,1,0
6.113373375,1,1,1
6.113373625,0,1,0
6.113374000,0,1,1
6.113374250,0,1,0
6.113374750,0,1,1
6.113375000,1,1,0
6.113375500,1,1,1
6.113375750,0,1,0
6.113377000,0,1,1
6.113377250,0,1,0
6.113377625,0,1,1
6.113377875,0,1,0
6.113378375,0,1,1
6.113378625,0,1,0
6.113379000,0,1,1
6.113379250,1,1,0
6.113380000,1,1,1
6.113380250,0,1,0
6.113380750,0,1,1
6.113381000,1,1,0
6.113381500,1,1,1
6.113381750,0,1,0
6.113382125,0,1,1
6.113382375,0,1,0
6.113383625,0,1,1
6.113383875,0,1,0
6.113384250,0,1,1
6.113384500,0,1,0
6.113385000,0,1,1
6.113385250,0,1,0
6.113385750,0,1,1
6.113386000,1,1,0
6.113386750,1,1,1
6.113387000,0,1,0
6.113387375,0,1,1
6.113387625,1,1,0
6.113388125,1,1,1
6.113388375,1,1,0
6.113388750,1,1,1
6.113389000,0,1,0
6.113390250,0,1,1
6.113390500,0,1,0
6.113391000,0,1,1
6.113391250,0,1,0
6.113391750,0,1,1
6.113392000,0,1,0
6.113392375,0,1,1
6.113392625,1,1,0
6.113393375,1,1,1
6.113393625,1,1,0
6.113394000,1,1,1
6.113394250,0,1,0
6.113394750,0,1,1
6.113395000,0,1,0
6.113395500,0,1,1
6.113395750,0,1,0
6.113397000,0,1,1
6.113397250,0,1,0
6.113397625,0,1,1
6.113397875,0,1,0
6.113398375,0,1,1
6.113398625,0,1,0
6.113399000,0,1,1
6.113399250,1,1,0
6.113400000,1,1,1
6.113400250,1,1,0
6.113400750,1,1,1
6.113401000,0,1,0
6.113401500,0,1,1
6.113401750,1,1,0
6.113402125,1,1,1
6.113402375,0,1,0
6.113403625,0,1,1
6.113403875,0,1,0
6.113404250,0,1,1
6.113404500,0,1,0
6.113405000,0,1,1
6.113405250,0,1,0
6.113405750,0,1,1
6.113406000,1,1,0
6.113406750,1,1,1
6.113407000,1,1,0
6.113407375,1,1,1
6.113407625,1,1,0
6.113408125,1,1,1
6.113408375,0,1,0
6.113408750,0,1,1
6.113409000,0,1,0
6.113410250,0,1,1
6.113410500,0,1,0
6.113411000,0,1,1
6.113411250,0,1,0
6.113411750,0,1,1
6.113412000,0,1,0
6.113412375,0,1,1
6.113412625,1,1,0
6.113413375,1,1,1
6.113413625,1,1,0
6.113414000,1,1,1
6.113414250,1,1,0
6.113414750,1,1,1
6.113415000,1,1,0
6.113415500,1,1,1
6.113415750,0,1,0
6.113417000,0,1,1
6.113417250,0,1,0
6.113417625,0,1,1
6.113417875,0,1,0
6.113418375,0,1,1
6.113418625,1,1,0
6.113419000,1,1,1
6.113419250,0,1,0
6.113420000,0,1,1
6.113420250,0,1,0
6.113420750,0,1,1
6.113421000,0,1,0
6.113421500,0,1,1
6.113421750,0,1,0
6.113422125,0,1,1
6.113422375,0,1,0
6.113423625,0,1,1
6.113423875,0,1,0
6.113424250,0,1,1
6.113424500,0,1,0
6.113425000,0,1,1
6.113425250,1,1,0
6.113425750,1,1,1
6.113426000,0,1,0
6.113426750,0,1,1
6.113427000,0,1,0
6.113427375,0,1,1
6.113427625,0,1,0
6.113428125,0,1,1
6.113428375,1,1,0
6.113428750,1,1,1
6.113429000,0,1,0
6.113430250,0,1,1
6.113430500,0,1,0
6.113431000,0,1,1
6.113431250,0,1,0
6.113431750,0,1,1
6.113432000,1,1,0
6.113432375,1,1,1
6.113432625,0,1,0
6.113433375,0,1,1
6.113433625,0,1,0
6.113434000,0,1,1
6.113434250,1,1,0
6.113434750,1,1,1
6.113435000,0,1,0
6.113435500,0,1,1
6.113435750,0,1,0
6.113437000,0,1,1
6.113437250,0,1,0
6.113437625,0,1,1
6.113437875,0,1,0
6.113438375,0,1,1
6.113438625,1,1,0
6.113439000,1,1,1
6.113439250,0,1,0
6.113440000,0,1,1
6.113440250,0,1,0
6.113440750,0,1,1
6.113441000,1,1,0
6.113441500,1,1,1
6.113441750,1,1,0
6.113442125,1,1,1
6.113442375,0,1,0
6.113443625,0,1,1
6.113443875,0,1,0
6.113444250,0,1,1
6.113444500,0,1,0
6.113445000,0,1,1
6.113445250,1,1,0
6.113445750,1,1,1
6.113446000,0,1,0
6.113446750,0,1,1
6.113447000,1,1,0
6.113447375,1,1,1
6.113447625,0,1,0
6.113448125,0,1,1
6.113448375,0,1,0
6.113448750,0,1,1
6.113449000,0,1,0
6.113450250,0,1,1
6.113450500,0,1,0
6.113451000,0,1,1
6.113451250,0,1,0
6.113451750,0,1,1
6.113452000,1,1,0
6.113452375,1,1,1
6.113452625,0,1,0
6.113453375,0,1,1
6.113453625,1,1,0
6.113454000,1,1,1
6.113454250,0,1,0
6.113454750,0,1,1
6.113455000,1,1,0
6.113455500,1,1,1
6.113455750,0,1,0
6.113457000,0,1,1
6.113457250,0,1,0
6.113457625,0,1,1
6.113457875,0,1,0
6.113458375,0,1,1
6.113458625,1,1,0
6.113459000,1,1,1
6.113459250,0,1,0
6.113460000,0,1,1
6.113460250,1,1,0
6.113460750,1,1,1
6.113461000,1,1,0
6.113461500,1,1,1
6.113461750,0,1,0
6.113462125,0,1,1
6.113462375,0,1,0
6.113463625,0,1,1
6.113463875,0,1,0
6.113464250,0,1,1
6.113464500,0,1,0
6.113465000,0,1,1
6.113465250,1,1,0
6.113465750,1,1,1
6.113466000,0,1,0
6.113466750,0,1,1
6.113467000,1,1,0
6.113467375,1,1,1
6.113467625,1,1,0
6.113468125,1,1,1
6.113468375,1,1,0
6.113468750,1,1,1
6.113469000,0,1,0
6.113470250,0,1,1
6.113470500,0,1,0
6.113471000,0,1,1
6.113471250,0,1,0
6.113471750,0,1,1
6.113472000,1,1,0
6.113472375,1,1,1
6.113472625,1,1,0
6.113473375,1,1,1
6.113473625,0,1,0
6.113474000,0,1,1
6.113474250,0,1,0
6.113474750,0,1,1
6.113475000,0,1,0
6.113475500,0,1,1
6.113475750,0,1,0
6.113477000,0,1,1
6.113477250,0,1,0
6.113477625,0,1,1
6.113477875,0,1,0
6.113478375,0,1,1
6.113478625,1,1,0
6.113479000,1,1,1
6.113479250,1,1,0
6.113480000,1,1,1
6.113480250,0,1,0
6.113480750,0,1,1
6.113481000,0,1,0
6.113481500,0,1,1
6.113481750,1,1,0
6.113482125,1,1,1
6.113482375,0,1,0
6.113483625,0,1,1
6.113483875,0,1,0
6.113484250,0,1,1
6.113484500,0,1,0
6.113485000,0,1,1
6.113485250,1,1,0
6.113485750,1,1,1
6.113486000,1,1,0
6.113486750,1,1,1
6.113487000,0,1,0
6.113487375,0,1,1
6.113487625,1,1,0
6.113488125,1,1,1
6.113488375,0,1,0
6.113488750,0,1,1
6.113489000,0,1,0
6.113495375,0,1,1
6.113495625,0,1,0
6.113496000,0,1,1
6.113496250,0,1,0
6.113496750,0,1,1
6.113497000,1,1,0
6.113497500,1,1,1
6.113497750,1,1,0
6.113498500,1,1,1
6.113498750,0,1,0
6.113499250,0,1,1
6.113499500,1,1,0
6.113500000,1,1,1
6.113500250,1,1,0
6.113500625,1,1,1
6.113500875,0,1,0
6.113590750,1,1,0
6.113716375,1,1,1
6.113716625,1,1,0
6.113717000,1,1,1
6.113717250,1,1,0
6.113717750,1,1,1
6.113718000,1,1,0
6.113718375,1,1,1
6.113718625,1,1,0
6.113719375,1,1,1
6.113719625,1,1,0
6.113720125,1,1,1
6.113720375,1,1,0
6.113720875,1,1,1
6.113721125,1,1,0
6.113721500,1,1,1
6.113721750,1,1,0
6.113723000,1,1,1
6.113723250,1,1,0
6.113723625,1,1,1
6.113723875,1,1,0
6.113724375,1,1,1
6.113724625,1,1,0
6.113725125,1,1,1
6.113725375,1,1,0
6.113726125,1,1,1
6.113726375,1,1,0
6.113726750,1,1,1
6.113727000,1,1,0
6.113727500,1,1,1
6.113727750,1,1,0
6.113728125,1,1,1
6.113728375,1,1,0
6.113729625,1,1,1
6.113729875,1,1,0
6.113730375,1,1,1
6.113730625,1,1,0
6.113731125,1,1,1
6.113731375,1,1,0
6.113731750,1,1,1
6.113732000,1,1,0
6.113732750,1,1,1
6.113733000,1,1,0
6.113733375,1,1,1
6.113733625,1,1,0
6.113734125,1,1,1
6.113734375,1,1,0
6.113734875,1,1,1
6.113735125,1,1,0
6.113736375,1,1,1
6.113736625,1,1,0
6.113737000,1,1,1
6.113737250,1,1,0
6.113737750,1,1,1
6.113738000,1,1,0
6.113738375,1,1,1
6.113738625,1,1,0
6.113739375,1,1,1
6.113739625,1,1,0
6.113740125,1,1,1
6.113740375,1,1,0
6.113740875,1,1,1
6.113741125,1,1,0
6.113741500,0,1,1
6.113741750,0,1,0
6.113743000,0,1,1
6.113743250,0,1,0
6.113743625,0,1,1
6.113743875,0,1,0
6.113744375,0,1,1
6.113744625,1,1,0
6.113745125,1,1,1
6.113745375,1,1,0
6.113746125,1,1,1
6.113746375,1,1,0
6.113746750,1,1,1
6.113747000,0,1,0
6.113747500,0,1,1
6.113747750,0,1,0
6.113748125,0,1,1
6.113748375,0,1,0
6.113749625,0,1,1
6.113749875,0,1,0
6.113750375,0,1,1
6.113750625,0,1,0
6.113751125,0,1,1
6.113751375,1,1,0
6.113751750,1,1,1
6.113752000,1,1,0
6.113752750,1,1,1
6.113753000,1,1,0
6.113753375,1,1,1
6.113753625,0,1,0
6.113754125,0,1,1
6.113754375,1,1,0
6.113754875,1,1,1
6.113755125,0,1,0
6.113756375,0,1,1
6.113756625,0,1,0
6.113757000,0,1,1
6.113757250,0,1,0
6.113757750,0,1,1
6.113758000,1,1,0
6.113758375,1,1,1
6.113758625,1,1,0
6.113759375,1,1,1
6.113759625,1,1,0
6.113760125,1,1,1
6.113760375,1,1,0
6.113760875,1,1,1
6.113761125,0,1,0
6.113761500,0,1,1
6.113761750,0,1,0
6.113763000,0,1,1
6.113763250,0,1,0
6.113763625,0,1,1
6.113763875,0,1,0
6.113764375,0,1,1
6.113764625,1,1,0
6.113765125,1,1,1
6.113765375,1,1,0
6.113766125,1,1,1
6.113766375,1,1,0
6.113766750,1,1,1
6.113767000,1,1,0
6.113767500,1,1,1
6.113767750,1,1,0
6.113768125,1,1,1
6.113768375,1,1,0
6.114336467,1,1,0
